Id,Label,modularity_class;
AbdulRachimmks,AbdulRachimmks,16;
2DJ03,2DJ03,16;
Hendra Agustiana,Hendra Agustiana,16;
AgusYudhoyono,AgusYudhoyono,0;
Partai Demokrat,Partai Demokrat,16;
Negri Seterah,Negri Seterah,0;
Hasbil Mustaqim Lubis,Hasbil Mustaqim Lubis,0;
Demokrat Pati,Demokrat Pati,0;
DPC PD BANYUWANGI OFFICIAL,DPC PD BANYUWANGI OFFICIAL,0;
AliLubisACTA,AliLubisACTA,16;
HabiburokhmanJktTimur,HabiburokhmanJktTimur,16;
ArsjadRasjid,ArsjadRasjid,14;
Bang NalaR,Bang NalaR,14;
Pakar INTELek,Pakar INTELek,14;
SERUAN H7,SERUAN H7,14;
Habieb Selow,Habieb Selow,2;
LALA,LALA,14;
Kang Manto,Kang Manto,14;
Chusnul ch?timah,Chusnul ch?timah,14;
BurhanMuhtadi,BurhanMuhtadi,13;
Ismail Fahmi,Ismail Fahmi,13;
INDIKATOR,INDIKATOR,13;
Bang Win,Bang Win,13;
Ismail Suardi Wekke,Ismail Suardi Wekke,13;
CNNIndonesia,CNNIndonesia,18;
Aria Bima,Aria Bima,18;
DPP_PKB,DPP_PKB,1;
Free Palestine,Free Palestine,1;
DPC PKB MALANG KOTA,DPC PKB MALANG KOTA,1;
DPW PKB DKI JAKARTA,DPW PKB DKI JAKARTA,1;
BUNGA DESA,BUNGA DESA,1;
SinduDwiHartanto,SinduDwiHartanto,1;
AMIN kan Indonesia,AMIN kan Indonesia,1;
Lisa Malahayati,Lisa Malahayati,1;
Paradise01,Paradise01,1;
AMIN 2024,AMIN 2024,1;
Fraksi PKB Kuningan,Fraksi PKB Kuningan,1;
DPR_RI,DPR_RI,0;
Dennysiregar7,Dennysiregar7,2;
Anies Baswedan Lovers,Anies Baswedan Lovers,2;
DivHumas_Polri,DivHumas_Polri,19;
RajaRimbaNew,RajaRimbaNew,19;
Humas Polda Kalsel,Humas Polda Kalsel,19;
BHINNEKATUNGGALIKA,BHINNEKATUNGGALIKA,19;
nursalim,nursalim,19;
Kemhan RI,Kemhan RI,18;
Irwan A Tajoedin,Irwan A Tajoedin,19;
MWCNU TAMBELANGAN,MWCNU TAMBELANGAN,19;
Bidhumas Polda Aceh,Bidhumas Polda Aceh,19;
Anjing_Khayangan,Anjing_Khayangan,19;
Parjo,Parjo,19;
DokterTifa,DokterTifa,3;
MA,MA,3;
MudaAdalahKekuatan,MudaAdalahKekuatan,3;
Fahrihamzah,Fahrihamzah,2;
Yanti,Yanti,2;
Stacitarpeta 18,Stacitarpeta 18,2;
Partai Gelora Indonesia,Partai Gelora Indonesia,2;
Carlito,Carlito,2;
FahrihamzahTran,FahrihamzahTran,4;
Hamdi sofyan,Hamdi sofyan,4;
ANTI DINASTI,ANTI DINASTI,4;
Gerindra,Gerindra,0;
Nakula,Nakula,0;
Alif Fathah A.,Alif Fathah A.,2;
Lisa,Lisa,0;
Rayzhu,Rayzhu,0;
HusodoYoga,HusodoYoga,17;
TEH TJEMPLUNG,TEH TJEMPLUNG,17;
KPK_RI,KPK_RI,5;
WPNews,WPNews,5;
raka brahman,raka brahman,5;
KPU_ID,KPU_ID,6;
Endarto Prasetyo,Endarto Prasetyo,2;
Mazzini,Mazzini,6;
People Power,People Power,6;
kumparan,kumparan,6;
pradipa yoedhanegara,pradipa yoedhanegara,6;
Melki Sedek Huang,Melki Sedek Huang,6;
Kemhan_RI,Kemhan_RI,1;
Muhammad Said Didu,Muhammad Said Didu,1;
METRO TV,METRO TV,1;
KhofifahIP,KhofifahIP,0;
Aliani Febriana,Aliani Febriana,0;
M.Ilyasa,M.Ilyasa,0;
KompasTV,KompasTV,7;
Dikti,Dikti,7;
Ahmad Shofwan Muis,Ahmad Shofwan Muis,7;
ListyoSigitP,ListyoSigitP,19;
Fakhriy,Fakhriy,19;
Saranghaeyoo No 2,Saranghaeyoo No 2,19;
Blontank,Blontank,19;
Firman Mamboue,Firman Mamboue,19;
kara47,kara47,19;
RUDI VALINKA,RUDI VALINKA,19;
MariaAlcaff,MariaAlcaff,17;
Mdy_Asmara1701,Mdy_Asmara1701,20;
hasibuan.,hasibuan.,20;
Abdul Khoir,Abdul Khoir,20;
Mr_FX99,Mr_FX99,17;
NasDem,NasDem,1;
Nyi_Maheswari,Nyi_Maheswari,19;
Ary Prasetyo,Ary Prasetyo,19;
papeda,papeda,19;
Dumdum,Dumdum,20;
ken,ken,19;
Beta Titasomi,Beta Titasomi,19;
Wisnu,Wisnu,19;
OposisiCerdas,OposisiCerdas,13;
Nangling,Nangling,13;
PDI_Perjuangan,PDI_Perjuangan,2;
WARGA KONOHA,WARGA KONOHA,2;
Jeffry Waworuntu,Jeffry Waworuntu,2;
PKSejahtera,PKSejahtera,1;
Free Palestine,Free Palestine,1;
Adinda Zahrany,Adinda Zahrany,1;
R,R,1;
PartaiSocmed,PartaiSocmed,20;
Sandy Prayogi Soekamto,Sandy Prayogi Soekamto,20;
dhemit_is_back,dhemit_is_back,20;
Prabowo Gibran 02,Prabowo Gibran 02,20;
Al,Al,20;
holopiscom,holopiscom,20;
Prabowo,Prabowo,16;
detikcom,detikcom,16;
humanity above football,humanity above football,16;
Puspen_TNI,Puspen_TNI,18;
RagilSemar,RagilSemar,20;
Ujang Dahmid,Ujang Dahmid,20;
Iman pangkas,Iman pangkas,20;
Resty_J_Cayah,Resty_J_Cayah,20;
Lukman Simandjuntak,Lukman Simandjuntak,20;
SBYudhoyono,SBYudhoyono,0;
SMATN,SMATN,18;
Uki23,Uki23,14;
Ganjar Mahfud App,Ganjar Mahfud App,14;
UyokBack,UyokBack,20;
Laksmi,Laksmi,20;
Serat Jiwa,Serat Jiwa,18;
VIVAcoid,VIVAcoid,8;
Ign st herry,Ign st herry,8;
Generasi Muda NU,Generasi Muda NU,8;
Usamah Abdul Aziz,Usamah Abdul Aziz,8;
haniiip,haniiip,8;
WagimanDeep212_,WagimanDeep212_,14;
Rubi,Rubi,14;
YouTube,YouTube,9;
YgPentingKamuBahagia,YgPentingKamuBahagia,9;
ZhangKu,ZhangKu,9;
Nur Hidayat Sardini,Nur Hidayat Sardini,9;
TribunBanten.com,TribunBanten.com,9;
Indra Charismiadji,Indra Charismiadji,9;
ZUL_Hasan,ZUL_Hasan,10;
DPP PAN,DPP PAN,10;
Indonesia Pusaka,Indonesia Pusaka,10;
_TNIAL_,_TNIAL_,18;
_TNIAU,_TNIAU,18;
agusjabo333,agusjabo333,16;
DPW PRIMA JATENG,DPW PRIMA JATENG,16;
Saya Rakyat Luar Biasa,Saya Rakyat Luar Biasa,16;
aniesbaswedan,aniesbaswedan,1;
Chaves,Chaves,1;
ABR (Ali Basuki Rochmad),ABR (Ali Basuki Rochmad),1;
Mawa Kresna,Mawa Kresna,0;
Iman Sjafei,Iman Sjafei,1;
Dede Budhyarto,Dede Budhyarto,19;
iwakbandeng,iwakbandeng,1;
Borrys Hasian,Borrys Hasian,1;
Ainun Najib,Ainun Najib,13;
eldi,eldi,1;
Cipta Panca Laksana,Cipta Panca Laksana,1;
Bang Andi | Abul Muzaffar,Bang Andi | Abul Muzaffar,1;
H4th,H4th,1;
Rachland Nashidik,Rachland Nashidik,1;
Presiden Netizen,Presiden Netizen,14;
VOICE OF PKB,VOICE OF PKB,17;
Coach Axdwin Indonesia,Coach Axdwin Indonesia,1;
Humaira_balqis,Humaira_balqis,1;
PRESIDEN JENGGO,PRESIDEN JENGGO,18;
S0EY0T0,S0EY0T0,17;
Maria A. Alcaff,Maria A. Alcaff,1;
Kaka Idho,Kaka Idho,17;
Lambe Waras,Lambe Waras,17;
PRESIDEN SPANYOL,PRESIDEN SPANYOL,1;
Gilang Ahmadi,Gilang Ahmadi,1;
Lorong Waktu,Lorong Waktu,0;
DPP PKB,DPP PKB,17;
Transisi Energi Segera,Transisi Energi Segera,0;
Agus Sulardi,Agus Sulardi,1;
Nicho Silalahi,Nicho Silalahi,18;
404 Not Found,404 Not Found,1;
Idham Arsyad,Idham Arsyad,16;
Pemimpin Sipil Terkutuk,Pemimpin Sipil Terkutuk,1;
Call Me Bur,Call Me Bur,0;
King Purwa,King Purwa,1;
SENAM PAGI INDONESIA SERI D,SENAM PAGI INDONESIA SERI D,14;
Ayo Indonesia,Ayo Indonesia,1;
K-Hard Uchukz,K-Hard Uchukz,1;
LANGKAH ANIES Serius Tenang Tuntas,LANGKAH ANIES Serius Tenang Tuntas,17;
Naufal Firman Yursak,Naufal Firman Yursak,1;
Ari Saptono,Ari Saptono,1;
Ehnak,Ehnak,1;
BERITA BAIK AMIN,BERITA BAIK AMIN,1;
Arsya Muhammad,Arsya Muhammad,1;
I smile,I smile,1;
N A O L,N A O L,1;
AniesMuhaimin - AMIN RI1 & RI2 2024 INSYA ALLAH,AniesMuhaimin - AMIN RI1 & RI2 2024 INSYA ALLAH,1;
Harian Kompas,Harian Kompas,0;
Trystanto,Trystanto,1;
ABG Asal Bukan Gibran,ABG Asal Bukan Gibran,14;
Jams Ka Jrouh,Jams Ka Jrouh,1;
DPW PKB Jateng,DPW PKB Jateng,1;
Amik,Amik,1;
Afifah Afra,Afifah Afra,1;
Juan Chaniago,Juan Chaniago,0;
AntiJongosParpol?,AntiJongosParpol?,1;
ajengcute16,ajengcute16,1;
Amal Alghozali,Amal Alghozali,1;
B4 K71,B4 K71,1;
Hanum Salsabiela Rais,Hanum Salsabiela Rais,18;
AREA JULID,AREA JULID,0;
Mardani Ali Sera,Mardani Ali Sera,1;
vivere,vivere,1;
Maudy Asmara,Maudy Asmara,1;
adeamaliaade,adeamaliaade,1;
DPN BALAD AMIN,DPN BALAD AMIN,11;
Dokter Tifa,Dokter Tifa,18;
Haye Targaryen,Haye Targaryen,13;
ayahlukman,ayahlukman,1;
Grady Nagara,Grady Nagara,1;
Angga PF,Angga PF,1;
Sekar Izza,Sekar Izza,1;
Bijak Memilih,Bijak Memilih,0;
BP‚Ñ¢,BP‚Ñ¢,6;
Jabar,Jabar,1;
Partai NasDem,Partai NasDem,1;
inilahcom,inilahcom,16;
Marlina mawar,Marlina mawar,1;
Jamaruddin Pajjala,Jamaruddin Pajjala,1;
Merry Banunaek,Merry Banunaek,1;
Neo Historia Indonesia,Neo Historia Indonesia,16;
macanutara_,macanutara_,1;
Relawan Payung Anies Indonesia,Relawan Payung Anies Indonesia,1;
MissKoraL SA ID 0000009,MissKoraL SA ID 0000009,1;
Fadiyah Alkaff,Fadiyah Alkaff,18;
giriginanjar,giriginanjar,1;
Mrs. Kiky,Mrs. Kiky,1;
Gus Arifin,Gus Arifin,1;
Albarra_Back,Albarra_Back,1;
bambang aribowo,bambang aribowo,1;
Uwainun,Uwainun,1;
Herfano,Herfano,1;
Ruth N. Susanto,Ruth N. Susanto,1;
maeve,maeve,1;
DPW PKS Jawa Barat,DPW PKS Jawa Barat,1;
Muhammad Yafidy,Muhammad Yafidy,1;
01 Dena Sapari,01 Dena Sapari,1;
Muhamad Isnur,Muhamad Isnur,1;
vicky anggriawan,vicky anggriawan,1;
Spirit FREE PALESTINE,Spirit FREE PALESTINE,0;
pagandeng,pagandeng,1;
aniesbaswedanTr,aniesbaswedanTr,6;
The Conversation Indonesia,The Conversation Indonesia,6;
anismatta,anismatta,2;
are_inismyname,are_inismyname,20;
bahlillahadalia,bahlillahadalia,6;
Ophalsyah69,Ophalsyah69,6;
balad_aminlpg,balad_aminlpg,11;
DPW Balad Amin Lampung,DPW Balad Amin Lampung,11;
bawaslu_RI,bawaslu_RI,2;
sanusi,sanusi,2;
Bayumaruto,Bayumaruto,2;
Ku Mayaga ni ku mahoro,Ku Mayaga ni ku mahoro,2;
Yurisa Agustina Samosir,Yurisa Agustina Samosir,2;
TRENDING ISSUE,TRENDING ISSUE,2;
cakimiNOW,cakimiNOW,1;
Hasbi,Hasbi,1;
negeri para pembohong,negeri para pembohong,1;
Wiranto Aries M,Wiranto Aries M,19;
MRobbahNalayudha,MRobbahNalayudha,1;
Cecep Kholiludin,Cecep Kholiludin,1;
UncleSenkun1,UncleSenkun1,1;
Dedy ibnu umar,Dedy ibnu umar,1;
doso_10,doso_10,1;
Camelaila,Camelaila,1;
berisik,berisik,1;
Pandawa,Pandawa,13;
Ahmad Albani,Ahmad Albani,1;
Muhammad Afif,Muhammad Afif,1;
Bunga Desa,Bunga Desa,1;
ariela,ariela,19;
Hendra Al Amin,Hendra Al Amin,1;
Roby nathanael,Roby nathanael,1;
Hakim Siregar,Hakim Siregar,16;
"Dr. Zainun Nasihah, MA,""Dr. Zainun Nasihah, MA"",1";
Romi,Romi,1;
Azkya Aryun,Azkya Aryun,1;
lele,lele,1;
iRil,iRil,1;
Bons63,Bons63,1;
Nick Siahaan,Nick Siahaan,1;
RakyatBiasa,RakyatBiasa,16;
mang Ade tea,mang Ade tea,1;
Abi,Abi,1;
Joel Picard,Joel Picard,1;
Thirto,Thirto,1;
Kamaluddin Kamal,Kamaluddin Kamal,1;
Barisan Relawan Desa AMIN,Barisan Relawan Desa AMIN,1;
Zainul Munasichin,Zainul Munasichin,17;
PKB SALATIGA,PKB SALATIGA,1;
FRAKSI PKB JAKARTA,FRAKSI PKB JAKARTA,1;
SAHABAT H. Much Abdul Qodir,SAHABAT H. Much Abdul Qodir,1;
Syaiful Huda,Syaiful Huda,1;
TOM KUR official,TOM KUR official,1;
rans,rans,1;
ulil albab,ulil albab,1;
Yasmine Mirzha,Yasmine Mirzha,1;
JAMAL BUGIS 7.0,JAMAL BUGIS 7.0,1;
didin_darmawan,didin_darmawan,1;
Ndon,Ndon,16;
Ahmad,Ahmad,1;
HelmiHAPP,HelmiHAPP,1;
Aher,Aher,1;
ichsan fauzi,ichsan fauzi,1;
Liat aja X,Liat aja X,19;
ri2an,ri2an,1;
Suka Dipanggil,Suka Dipanggil,1;
Rusliya Ucok,Rusliya Ucok,1;
Andi Darwis Syarifuddin,Andi Darwis Syarifuddin,19;
Badruzzaman,Badruzzaman,1;
siztnong,siztnong,1;
Nugelo bae,Nugelo bae,1;
Menuju Perubahan Indonesia Makmur,Menuju Perubahan Indonesia Makmur,1;
Anis Fauzan,Anis Fauzan,1;
kaka vrindhavan,kaka vrindhavan,1;
Umi Ola,Umi Ola,1;
Mata Najwa,Mata Najwa,19;
ISLAM SAMPAI MATI,ISLAM SAMPAI MATI,1;
Eko Rahayu,Eko Rahayu,1;
the Yustisia,the Yustisia,1;
Hr. wahyu Ns.,Hr. wahyu Ns.,16;
Iman Sukri,Iman Sukri,1;
Calentivay,Calentivay,1;
NihayahCenter,NihayahCenter,1;
narkosun,narkosun,2;
Penikmat Seblak,Penikmat Seblak,1;
Katadata.co.id,Katadata.co.id,0;
MHD,MHD,1;
Dr. M. Fadjroel Rachman,Dr. M. Fadjroel Rachman,19;
"yurika_dr,SpMK,""yurika_dr,SpMK"",1";
Dita Indah Sari,Dita Indah Sari,1;
Monica,Monica,16;
Obed Kresna,Obed Kresna,1;
Luluk Hamidah,Luluk Hamidah,1;
ABDUL HALIM ISKANDAR,ABDUL HALIM ISKANDAR,1;
abracadabra,abracadabra,1;
danimeister,danimeister,1;
CNN Indonesia,CNN Indonesia,1;
mandor kawat,mandor kawat,1;
Ad Timothy,Ad Timothy,1;
ridwan saleh,ridwan saleh,1;
Kadang kidding,Kadang kidding,1;
Perkasa Alam,Perkasa Alam,1;
Levi Firmansyah,Levi Firmansyah,1;
Paman,Paman,1;
Tri Anggoro Broto,Tri Anggoro Broto,1;
Agus Salamun,Agus Salamun,1;
Save Nation-NKRI,Save Nation-NKRI,1;
budimarwanto06,budimarwanto06,1;
IngetHutang,IngetHutang,1;
Mucesa,Mucesa,1;
iggna,iggna,16;
DPC PKB Buru Selatan,DPC PKB Buru Selatan,1;
Sigit Widodo,Sigit Widodo,18;
cakimiNOWTransl,cakimiNOWTransl,17;
Zubed,Zubed,17;
Dahnil A Simanjuntak,Dahnil A Simanjuntak,17;
cakiminnow,cakiminnow,0;
HAPOSAN MANURUNG,HAPOSAN MANURUNG,0;
cakiminow,cakiminow,17;
Artur e Diana,Artur e Diana,17;
BALADAMINSerangBanten,BALADAMINSerangBanten,17;
DPC PKB KAB. TEGAL,DPC PKB KAB. TEGAL,17;
DPC PKB KAB.KEDIRI,DPC PKB KAB.KEDIRI,17;
Mukhit KD,Mukhit KD,17;
DPC PKB Temanggung,DPC PKB Temanggung,17;
ch_chotimah2,ch_chotimah2,2;
coema_coemi,coema_coemi,12;
Catatankaqihatilagi,Catatankaqihatilagi,12;
defend_id,defend_id,18;
descha05,descha05,20;
maulana,maulana,20;
dydyaa2,dydyaa2,0;
fadlizon,fadlizon,16;
Haris FZ,Haris FZ,16;
feryfarhati,feryfarhati,1;
ganjarpr,ganjarpr,13;
Bappilu Hanura Official,Bappilu Hanura Official,13;
ganjarpranowo,ganjarpranowo,14;
Tita,Tita,14;
eL. krova,eL. krova,18;
AirinNz_KembaliLagi,AirinNz_KembaliLagi,14;
Anton Kurniawan,Anton Kurniawan,14;
Firza Husain ‚§¥Ô∏è,Firza Husain ‚§¥Ô∏è,14;
BUROQ_1,BUROQ_1,14;
Sarwani,Sarwani,14;
Candra Asmara,Candra Asmara,14;
iNews,iNews,14;
kikiyaa,kikiyaa,14;
NKRI Jaya,NKRI Jaya,14;
Yulia,Yulia,14;
Raz,Raz,14;
herisan,herisan,14;
Solid,Solid,14;
Skidz,Skidz,14;
ndreas,ndreas,14;
IG: Nong Andah Darol Mahmada,IG: Nong Andah Darol Mahmada,18;
Info Jateng,Info Jateng,14;
Okezone,Okezone,14;
Tiger Shark,TÔger Shark,14;
Diandra Sari,Diandra Sari,19;
Septian Raharjo,Septian Raharjo,20;
Teddy Gusnaidi,Teddy Gusnaidi,14;
Jeni_Ly again,Jeni_Ly again,14;
Beril Huliselan,Beril Huliselan,14;
Muhammad Arbie,Muhammad Arbie,0;
Deko,Deko,14;
HaHaHiHi,HaHaHiHi,14;
Den Ayoe Nyimas,Den Ayoe Nyimas,14;
N3wbed,N3wbed,14;
Mohamad Guntur Romli,Mohamad Guntur Romli,14;
nephilaXmus,nephilaXmus,0;
SeputariNewsRCTI,SeputariNewsRCTI,14;
IndonesiaMaju,IndonesiaMaju,14;
Arsjad Rasjid,Arsjad Rasjid,14;
Cyril Raoul Hakim,Cyril Raoul Hakim,14;
Jamaah Anfieldiyah,Jamaah Anfieldiyah,14;
Sam Pandiangan,Sam Pandiangan,14;
Iskandar,Iskandar,14;
Bonnie Triyana,Bonnie Triyana,14;
Nico Valent Dwicahyo,Nico Valent Dwicahyo,14;
Faradilla Alfath,Faradilla Alfath,14;
Laila Nirmala,Laila Nirmala,14;
Tanah Airku,Tanah Airku,14;
Wanta,Wanta,14;
Joy Boy,Joy Boy,14;
Mas,Mas,14;
kiwi kiwil,kiwi kiwil,14;
Bang Arief,Bang Arief,14;
alpann,alpann,14;
Safitri Hariyani S,Safitri Hariyani S,14;
Kaka,Kaka,14;
satria bumi,satria bumi,14;
mas djawir,mas djawi,14;
starryshi,starryshi,14;
weddi s,weddie s,14;
Harya,Harya,14;
Galih Kadarwinata,Galih Kadarwinata,14;
AKU ADALAH AKU,AKU ADALAH AKU,14;
M.Tuhasan,M.Tuhasan,14;
AMIN MENUJU PERUBAHAN,AMIN MENUJU PERUBAHAN,16;
b3doel,b3doel,14;
garong_bukan,garong_bukan,17;
geloraco,geloraco,15;
Elang Bintang,Elang Bintang,15;
Muis,Muis,15;
gibran_rakabumi,gibran_rakabumi,6;
Gerindra Jawa Tengah,Gerindra Jawa Tengah,6;
gibran_tweet,gibran_tweet,16;
Rian Safio,Rian Safio,16;
FADLI ZON,FADLI ZON,0;
Cah no,Cah no,20;
Didin R,Didin R,16;
Malik Fajar Ramadhan,Malik Fajar Ramadhan,16;
Ciput,Ciput,16;
Fadhli Erlanda Arlan,Fadhli Erlanda Arlan,16;
"Tri Winarno, SST. OT,""Tri Winarno, SST. OT"",16";
Sang Arjuna,Sang Arjuna,16;
Raisa Tjokrodinata,Raisa Tjokrodinata,16;
Muhammad Eko Prasetyo,Muhammad Eko Prasetyo,16;
MelawanLupa,MelawanLupa,18;
pengepul meme,pengepul meme,16;
helen siagian,helen siagian,18;
Sujaji,Sujaji,16;
Prabowo Gibran The Winner,Prabowo Gibran The Winner,16;
Keliex Tea,Keliex Tea,16;
TUKANG MAIDO,TUKANG MAIDO,0;
Golkar Indonesia,Golkar Indonesia,0;
Dedek Prayudi Uki,Dedek Prayudi Uki,16;
Ahmad Jilul Q. Farid,Ahmad Jilul Q. Farid,16;
cathy,cathy,16;
se_tya,se_tya,16;
GP24P,GP24P,16;
B Prasetya,B Prasetya,16;
tidakko,tidakko,16;
sylvi dewajani,sylvi dewajani,18;
Palbapang 2,Palbapang 2,16;
Cakraningrat,Cakraningrat,16;
Abdullah Rasyid,Abdullah Rasyid,16;
Muhammad Amrullah,Muhammad Amrullah,16;
SOERYAW4DI,SOERYAW4DI,0;
Ario Bayu,Ario Bayu,16;
King Faisal,King Faisal,16;
Bang Arman,Bang Arman,16;
Oji,Oji,16;
Bahlil Lahadalia,Bahlil Lahadalia,0;
pemkot solo,pemkot solo,16;
Don Muzakir,Don Muzakir,18;
Dedy Nur,Dedy Nur,18;
IDN Times,IDN Times,16;
ANAK WAYANG,ANAK WAYANG,16;
Arief Poyuono,Arief Poyuono,0;
Rajtar,Rajtar,16;
kemang satu,kemang satu,16;
BABEH ALDO SEMENTARA DIMARI,BABEH ALDO SEMENTARA DIMARI,16;
Latifa W Yantikumala,Latifa W Yantikumala,16;
Tukang Kritik Pedas,Tukang Kritik Pedas,16;
gokskilmen,gokskilmen,16;
Mulyadi_Adi__,Mulyadi_Adi__,18;
asifa,asifa,18;
Anak ogi,Anak ogi,18;
Satpol PP Kota Surakarta,Satpol PP Kota Surakarta,16;
Orang Ulu Borneo,Orang Ulu Borneo,16;
Wak 9313,Wak 9313,16;
Gibran Rakabuming,Gibran Rakabuming,16;
Lee,Lee,16;
Bli Saka,Bli Saka,16;
Mas Dar,Mas Dar,0;
Denny Siregar,Denny Siregar,0;
Miss Tweet,Miss Tweet,2;
Lex Wu,Lex Wu,16;
Bank Joee,Bank Joee,16;
Kompas.com,Kompas.com,16;
The Darkside,The Darkside,20;
Dj mario,Dj mario,16;
Tjeloup,Tjeloup,16;
Bumi Nusantara,Bumi Nusantara,16;
Aki Tulalit,Aki Tulalit,16;
NEGARA GAGAL,NEGARA GAGAL,16;
arichels,arichels,16;
Bena Aji Satria,Bena Aji Satria,16;
Agi Subagio,Agi Subagio,16;
Edy sandoval,Edy sandoval,18;
chal's,chal's,16;
Eko Kuntadhi,Eko Kuntadhi,16;
gibran_tweetTra,gibran_tweetTra,17;
M Eddy Soeparno,M Eddy Soeparno,17;
Partai Gerindra,Partai Gerindra,17;
gibrantweet,gibrantweet,0;
Shahierd Naim,Shahierd Naim,0;
Pedagang Pejuang Indonesia Raya,Pedagang Pejuang Indonesia Raya,0;
hasbipkb,hasbipkb,1;
imanlagi,imanlagi,13;
cahayamata,cahayamata,13;
jokowi,jokowi,18;
ZULkifli Hasan,ZULkifli Hasan,18;
DARKIE NKRI,DARKIE NKRI,18;
Dezilix,Dezilix,18;
Rizmaya,Rizmaya,18;
Ketua Tim Sukses Prabowo Gibran,Ketua Tim Sukses Prabowo Gibran,18;
Djerry Lim NKRI jiwa ragaku,jerry Lim NKRI jiwa ragaku,18;
kaesangp,kaesangp,18;
DPP PSI,DPP PSI,18;
kangdede78,kangdede78,18;
kemendagri,kemendagri,19;
keuangannews_id,keuangannews_id,13;
Bagusokya,Bagusokya,13;
kikysaputrii,kikysaputrii,20;
SJYD,SJYD,20;
kompascom,kompascom,2;
kurawa,kurawa,18;
Hanny Indrina,Hanny Indrina,18;
Anies Mania,Anies Mania,18;
mawardinurullah,mawardinurullah,17;
mazzini_gsp,mazzini_gsp,20;
mohmahfudmd,mohmahfudmd,19;
mahdi wijaya,mahdi wijaya,19;
KotjoNegoro,KotjoNegoro,19;
Sammy,Sammy,19;
thv,thv,19;
nesta suhun,nesta suhun,19;
MD3,MD3,19;
Eka Puspita,Eka Puspita,19;
Laode M Syarif,Laode M Syarif,19;
bonie,bonie,19;
Ambrosius Mulait,Ambrosius Mulait,19;
Anak Gagak,Anak Gagak,19;
Arnold Belau,Arnold Belau,19;
Luthfan The Destroy World,Luthfan The Destroy World,19;
Ganjar Pranowo,Ganjar Pranowo,19;
Hick Matt,Hick Matt,19;
Berry Silalahi,Berry Silalahi,19;
Thomas Eka Prasetya ??,Thomas Eka Prasetya ??,19;
B K Simamora,B K Simamora,19;
Jara_Mbojo,Jara_Mbojo,19;
Negeri para bedebah,Negeri para bedebah,19;
Kiki Taufik,Kiki Taufik,19;
Rakyat Jelata,Rakyat Jelata,19;
ErrorBoy,ErrorBoy,19;
Kolonials NKRI,Kolonials NKRI,19;
Andy R. Wijaya,Andy R. Wijaya,19;
Dianawati Seri,Dianawati Seri,19;
Ba Bir,Ba Bir,19;
Ruben Diaz,Ruben Diaz,19;
Achmad Hidayat Lovers,Achmad Hidayat Lovers,19;
dedy,dedy,19;
Hooman,Hooman,19;
Ibnu Fatwa,Ibnu Fatwa,19;
Prima Sp Vardhana,Prima Sp Vardhana,19;
Heni,Heni Free,19;
Ucok Kalimatua Siregar,Ucok Kalimatua Siregar,19;
novel baswedan,novel baswedan,19;
Yuni Satia Rahayu,Yuni Satia Rahayu,19;
G.Harahap,G.Harahap,19;
Muhammad Farraz,Muhammad Farraz,19;
Zink Zank,Zink Zank,19;
hasratsenja,hasratsenja,19;
Frans Dipo,Frans Dipo,19;
Sangrewok,Sangrewok,19;
DELIN,DELIN,19;
BC4LIFE,BC4LIFE,19;
samsudin ali,samsudin ali,19;
MASINTON PASARIBU,MASINTON PASARIBU,19;
Prastowo Yustinus,Prastowo Yustinus,19;
Stella K. Suwardi,Stella K. Suwardi,19;
Murtadha,Murtadha,19;
Ibdilillah Ishak,Ibdilillah Ishak,19;
rehan,rehan,19;
Supariyanto,Supariyanto,19;
Leo,Leo,19;
Hidri Rafeimalik,Hidri Rafeimalik,19;
Singgih Dwi Putranto,Singgih Dwi Putranto,19;
Bapake Rumi,Bapake Rumi,19;
apaan neh,apaan neh,19;
arie busan,arie busan,19;
Tukang Push,Tukang Push,19;
money,money,19;
BARIKADE GUS DUR,BARIKADE GUS DUR,19;
BAJINGAN TOLOL,BAJINGAN TOLOL,19;
tuanku Rakyat,tuanku Rakyat,19;
Kyoko Hisashi,Kyoko Hisashi,19;
Laskar Tugiman,Laskar Tugiman,19;
Davaryan,Davaryan,19;
VICTOR S NIHIN,VICTOR S NIHIN,19;
GP MMD 2024,GP MMD 2024,2;
msaid didu,msaid didu,14;
ADHIE M MASSARDI,ADHIE M MASSARDI,14;
AyoMoveOn2024,AyoMoveOn2024,14;
candece,candece,2;
ninikwafiroh,ninikwafiroh,17;
officialptdi,officialptdi,18;
prabowo,prabowo,0;
Sabda Alam,Sabda Alam,0;
Indonesian Embassy Bandar Seri Begawan,Indonesian Embassy Bandar Seri Begawan,0;
Manda Azkia,Manda Azkia,0;
tempo.co,tempo.co,0;
Lhuta_x,Lhuta_x,0;
eat,eat,0;
Lebah Borneo Reborn,Lebah Borneo Reborn,0;
zy_lestari,zy_lestari,0;
key,key,0;
Jansen Sitindaon,Jansen Sitindaon,0;
Erick Thohir,Erick Thohir,0;
RakyatAkalSehat,RakyatAkalSehat,0;
Herzaky Mahendra Putra,Herzaky Mahendra Putra,0;
Ariza Patria,Ariza Patria,0;
Dalang Rusuh,Dalang Rusuh,0;
222 Mountains For Palestine,222 Mountains For Palestine,0;
prabowoTranslat,prabowoTranslat,6;
CONIL,CONIL,6;
prabowogibran02,prabowogibran02,20;
Artemizz_,Artemizz_,20;
prima_or_id,prima_or_id,16;
psi_id,psi_id,18;
ridwankamil,ridwankamil,6;
sociotalker,sociotalker,21;
Michel Adam,Michel Adam,21;
Singkong Stunting,Singkong Stunting,21;
tempodotco,tempodotco,19;
MODAR,MODAR,19;
tomlembong,tomlembong,13;
tvOneNews,tvOneNews,19;
Diandra Kartini,Diandra Kartini,19;
telek_pitik,telek_pitik,19;
yusuf_dumdum,yusuf_dumdum,19;
zainul_munas,zainul_munas,11;
zarryhendrik,zarryhendrik,13;
Firman Manda,Firman Manda,13;
